En alakalı sayfalar,Tıklamalar,Gösterimler,TO,Pozisyon
https://tummenu.com/,83,239,34.73%,3.05
http://donerden.tummenu.com/,17,1125,1.51%,1.89
https://www.tummenu.com/,10,30,33.33%,2.6
https://tummenu.com/kfc/kfc-turgutlu,1,22,4.55%,5.82
https://tummenu.com/blog/qr-kod-masaya-nasil-yerlestirilmeli,1,6,16.67%,20.83
https://tummenu.com/ozellikler,0,29,0%,9.93
https://tummenu.com/blog/fast-food-vs-ev-yemegi-hangisi,0,28,0%,5.39
https://tummenu.com/sss,0,28,0%,10
https://tummenu.com/hakkimizda,0,19,0%,4.53
https://tummenu.com/pideci-mehmet/pideci-mehmet/magaza,0,18,0%,9.89
https://tummenu.com/menu-baski-maliyeti-hesaplayici,0,18,0%,64.17
https://tummenu.com/iletisim,0,17,0%,8.41
https://tummenu.com/oren-kebap/merkez-sube,0,14,0%,6.79
https://tummenu.com/blog/restoran-menusu-nasil-tasarlanir,0,13,0%,35.23
https://tummenu.com/blog/qr-menu-kullanmak-restoranlara-ne-kazandirir-10-avantaj,0,12,0%,44.17
https://tummenu.com/fiyatlandirma,0,10,0%,2.7
https://tummenu.com/kayit,0,9,0%,3.78
https://tummenu.com/pideci-mehmet/pideci-mehmet,0,9,0%,8.11
https://tummenu.com/blog/etiket/isletme,0,9,0%,72.11
https://tummenu.com/blog/restoran-menu-sayfasinda-hangi-bilgiler-mutlaka-olmali,0,7,0%,6.29
https://tummenu.com/Home/About,0,6,0%,7.83
https://tummenu.com/blog/tatli-menusu-nasil-olusturulur,0,6,0%,9.33
https://tummenu.com/blog/turk-mutfaginin-vazgecilmez-le,0,6,0%,9.67
https://tummenu.com/blog/etiket/isletme-yonetimi,0,5,0%,61
https://tummenu.com/blog/menude-urun-ismi-secerken-nelere-dikkat-edilmeli,0,4,0%,5.5
https://tummenu.com/oren-kebap/merkez-sube/ev-yemekleri,0,4,0%,7.5
https://tummenu.com/blog/icecek-menusu-tasarim-ipuclari,0,4,0%,8.5
https://tummenu.com/blog/google-isletme-profil-restoranlar-icin-nasil-optimize-edilir,0,4,0%,9
https://tummenu.com/wichs-food/wichsfood-agri/kahvalti/karisik-tost,0,4,0%,10.5
https://tummenu.com/blog/dijital-menu-ile-fiyat-guncelleme-sureci-nasil-kolaylasir,0,3,0%,4.67
https://tummenu.com/blog/etiket/restoran,0,3,0%,5
https://tummenu.com/blog/paket-servis-menu-fiyati-ile-restoran-ici-fiyat-ayni-mi-olmali,0,3,0%,7.67
https://tummenu.com/blog/restoranlar-icin-sosyal-medya-menu-tanitimi,0,3,0%,7.67
https://tummenu.com/blog/restoranlar-googleda-nasil-daha-gorunur-olur,0,3,0%,8
https://tummenu.com/blog/pastane-menusu-nasil-dijitallestirilir,0,3,0%,9
https://tummenu.com/blog/dijital-menude-alerjen-ve-icerik-bilgisi,0,3,0%,9.33
https://tummenu.com/blog/dijital-menude-urun-aciklamasi-nasil-yazilir,0,3,0%,9.33
https://tummenu.com/blog/2025te-restoran-teknoloji-tren,0,3,0%,9.67
https://tummenu.com/blog/restoran-menu-icerigi-kontrol-listesi,0,3,0%,10.33
https://tummenu.com/blog/kafe-menusu-nasil-duzenlenir-kahve-tatli-kahvalti,0,3,0%,13
https://tummenu.com/blog/qr-menu-kurulumu-adim-adim-restoran-rehberi,0,3,0%,39.67
https://tummenu.com/blog/en-cok-satan-urunleri-menude-nasil-one-cikarirsiniz,0,2,0%,4.5
https://tummenu.com/blog,0,2,0%,6
https://tummenu.com/wichs-food/wichsfood-agri/kahvalti/menemen,0,2,0%,6
https://tummenu.com/ads.txt,0,2,0%,7
https://tummenu.com/blog/qr-kod-restoranda-nereye-konmali,0,2,0%,7.5
https://tummenu.com/blog/restoranlarda-sezonluk-menu-ve-fiyat-degisimi-nasil-yonetilir,0,2,0%,8.5
https://tummenu.com/blog/restoran-menu-fiyatlandirma-stratejileri,0,2,0%,10.5
https://tummenu.com/blog/qr-menu-icin-en-iyi-masa-ustu-tasarim-ornekleri,0,2,0%,11.5
https://tummenu.com/blog/urun-maliyeti-degistiginde-menu-nasil-guncellenmeli,0,2,0%,11.5
https://tummenu.com/blog/burgerci-menusu-nasil-hazirlanir-kategori-ve-urun-aciklamasi-ornekleri,0,2,0%,27.5
https://tummenu.com/blog/qr-menu-nedir-nasil-calisir,0,2,0%,49
https://tummenu.com/restoranlar,0,1,0%,3
https://tummenu.com/wichs-food/wichsfood-agri/burger/et-burger,0,1,0%,3
https://tummenu.com/test-kafe/test-kafe,0,1,0%,4
https://tummenu.com/blog/online-siparise-hazirlik-rehberi,0,1,0%,5
https://tummenu.com/blog/sezonluk-menu-guncelleme-ipucl,0,1,0%,5
https://tummenu.com/blog/etiket/menu-muhendisligi,0,1,0%,6
https://tummenu.com/blog/kafe-fiyat-listesi-hazirlarken-dikkat-edilmesi-gerekenler,0,1,0%,6
https://tummenu.com/pideci-mehmet/pideci-mehmet/tatlilar/kunefe,0,1,0%,6
https://tummenu.com/blog/dijital-menude-urunler-hangi-sirayla-gosterilmeli,0,1,0%,7
https://tummenu.com/blog/etiket/menu-guncelleme,0,1,0%,7
https://tummenu.com/pideci-mehmet/pideci-mehmet/icecek/salgam,0,1,0%,7
https://tummenu.com/hoot-pizza/hoot-pizza/cazip-pizzalar,0,1,0%,8
https://tummenu.com/qr-kod,0,1,0%,8
https://tummenu.com/blog/qr-menu-ile-kagit-menu-karsilastirmasi,0,1,0%,9
https://tummenu.com/ne-yesem,0,1,0%,9
https://tummenu.com/pideci-mehmet/pideci-mehmet/pideler/kusbasili-pide,0,1,0%,9
https://tummenu.com/yasal-bilgiler,0,1,0%,10
https://tummenu.com/blog/menu-fotograflari-dijital-menude-neden-onemlidir,0,1,0%,11
https://tummenu.com/blog/qr-menu-kullanim-orani-nasil-artirilir,0,1,0%,11
https://tummenu.com/blog/restoran-menusunde-fotografli-urun-kullanmak-satisi-artirir-mi,0,1,0%,11
https://tummenu.com/wichs-food/wichsfood-agri/burger/tavuk-burger,0,1,0%,12
https://tummenu.com/blog/qr-menu-kurulum-rehberi-adim-a,0,1,0%,49
https://tummenu.com/pideci-mehmet/pideci-mehmet/corbalar/kelle-paca-corbasi,0,1,0%,78