En çok yapılan sorgular,Tıklamalar,Gösterimler,TO,Pozisyon
tüm menü,85,185,45.95%,2.96
dönerden,7,368,1.9%,1.32
dönerden mimaroba,4,265,1.51%,1.89
döner den mimaroba,1,60,1.67%,1.93
mimaroba lahmacun,1,18,5.56%,1.5
tum menu,1,3,33.33%,1
mimaroba lahmacun salonları,1,3,33.33%,1.67
döner den,0,66,0%,1.92
dönerden iskender,0,20,0%,3.85
"""qr menü fiyat""",0,18,0%,50.67
döner,0,9,0%,1.33
pideci mehmet havran,0,8,0%,10.12
mimaroba döner,0,6,0%,1
mimaroba dönerci,0,6,0%,1.17
iskender,0,6,0%,1.5
lahmacun,0,5,0%,1
tüm,0,5,0%,3.8
mimaroba yemek,0,4,0%,8
döner mimaroba,0,3,0%,1.33
dönerci,0,3,0%,1.67
restoran menüsü hazırlama,0,3,0%,61.33
qr menü nasıl yapilir,0,3,0%,68
donerden,0,2,0%,1
lahmacun mimaroba,0,2,0%,1
et döner,0,2,0%,1.5
mimaroba pideci,0,2,0%,1.5
mimaroba yemek yerleri,0,2,0%,1.5
turgutlu yazılım,0,2,0%,1.5
büyükçekmece dönerci,0,2,0%,6
menü tasarımı,0,2,0%,59
restoran menüsü oluşturma,0,2,0%,62
büyükçekmece et döner,0,1,0%,1
döndön döner,0,1,0%,1
dört döner,0,1,0%,1
ekmek arası köfte,0,1,0%,1
en yakın iskenderci,0,1,0%,1
kebab,0,1,0%,1
kebap,0,1,0%,1
lahmacun yeri en yakın,0,1,0%,1
lahmacuncu,0,1,0%,1
mimaroba dürümcü,0,1,0%,1
yakın lahmacun,0,1,0%,1
yakınlardaki dönerciler,0,1,0%,1
bana en yakın yemekçi,0,1,0%,2
berlin döner,0,1,0%,2
dmner,0,1,0%,2
en yakın lahmacuncu,0,1,0%,2
pide,0,1,0%,2
yemek restoranları,0,1,0%,2
menü,0,1,0%,5
yakında yemek,0,1,0%,5
altay bozkurt,0,1,0%,9
cafe menüsünde neler olmalı,0,1,0%,18
yaprak et döner,0,1,0%,21